dialect,english,arabic gt,arabic predicted,arabic gt transliteration,arabic predicted transliteration
Palestinian,The teacher says that distinguishing colors is very important for young children.,المعلمة بتقول إنه تمييز الألوان مهم كتير للأطفال الصغار.,المعلمة بتقول إنه تمييز الألوان مهم كتير للأطفال الصغار.,il-mu'allime bt'ool innu tamyeez il-alwan muhim kteer lil-atfal iz-zghar.,il-mu'allime bt'ool innu tamyeez il-alwan muhim kteer lil-atfal iz-zghar.
Palestinian,"I wish we could solve all the complexities of life easily, but that is impossible.",يا ريت نقدر نحل كل تعقيدات الحياة بسهولة، بس هادا مستحيل.,يا ريت نقدر نحل كل تعقيدات الحياة بسهولة، بس هادا مستحيل.,"ya reet ni'dar n7el kul ta'qeidat il-7ayah b-suhuleh, bas hada mustaheel.","ya reet ni'dar n7el kul ta'qeidat il-7ayah b-suhuleh, bas hada mustaheel."
Palestinian,"Guys, guess the shirt size and win it.",جماعتنا، اعرف نمرة البلوزة واربحها.,يا جماعة، احزروا نمرة البلوزة واربحوها.,"jama3tna, i3raf namret el-bluze w-irba7ha.","ya jama3a, ihzaru namret el-bluze w-irba7uha."
Palestinian,"You know, every time I see someone carrying a big worry, I feel like they are carrying a heavy sack on their shoulder. We need to help each other and lighten the load for one another.",بتعرف، كل ما بشوف حدا بيحمل هم كبير، بحس إنو حامل شوال تقيل على كتفو. لازم نساعد بعض ونخفف الحمل عن بعض.,بتعرف، كل مرة بشوف حدا شايل هم كبير، بحس كأنه شايل شوال تقيل على كتفه. لازم نساعد بعض ونخفف الحمل عن بعض.,"bti‘raf, kul ma bashuf hada biyihmil hamm kbir, bahiss innu hamil shwal ti'il ‘ala kitfu. lazim nsa‘id ba‘d w nkhaffif il-himil ‘an ba‘d.","bti‘raf, kul marra bashuf hada shayel hamm kbir, bahiss ka'anno shayel shwal ti'il ‘ala kitfo. lazim nsa‘id ba‘d w nkhaffif il-himil ‘an ba‘d."
Palestinian,I can tell from the way you talk that you are very excited about this new project.,بقدر أشوف من طريقة حديثك إنك متحمس كتير لهادا المشروع الجديد.,بقدر أعرف من طريقة حكيك إنك متحمس كتير لهاد المشروع الجديد.,ba'dar ashoof min taree'et hadeesak innak mitحمmes kteer lahada el-mashroo' el-jdeed.,ba'dar a'raf min taree'et hakyak innak mitحمmes kteer lahad el-mashroo' el-jdeed.
Palestinian,"I want to tell him that I love him, but I'm afraid that he doesn't love me at all.",بدي أحكيله إني بحبه، بس خايفة إنه ما بيحبني بالمرة.,بدي أحكيله إني بحبه، بس خايفة إنه ما بيحبني بالمرة.,"biddi ahkilo inni bhibbo, bas khayfe inno ma bihibbni bilmarra.","biddi ahkilo inni bhibbo, bas khayfe inno ma bihibbni bilmarra."
Palestinian,The mechanic that my brother works for says he has never seen someone like him who understands car repair.,المعلم إلي بيشتغل عنده أخوي بيقول إنه ما شاف واحد متله بيفهم في تصليح السيارات.,الميكانيكي اللي أخوي بيشتغل عنده بيقول إنه عمره ما شاف حدا متله بيفهم بتصليح السيارات.,il-m3allem illi byishtighel 3indo akhuy bi2ul innu ma shaf wa7ad mitlo bifham fi tasli7 is-sayyarat.,il-mikaniki illi akhuy byishtighel 3indo bi2ul innu 3omro ma shaf 7ada mitlo bifham b-tasli7 is-sayyarat.
Palestinian,The boy was so smart that he solved the complex mathematical problem without any help.,كان الولد ها القدة ذكي إنه حل المسألة الرياضية المعقدة بدون مساعدة.,كان الولد ذكي لهالدرجة إنه حل المسألة الرياضية المعقدة بدون أي مساعدة.,kan el-walad ha el-adde zaki inno hall el-mas'ale el-riyadiyye el-mu'aqqade bidoon musa'ade.,kan el-walad zaki la-hal-daraje inno hall el-mas'ale el-riyadiyye el-mu'aqqade bidoon ay musa'ade.
Palestinian,My father taught me that honest work is more important than money.,أبوي علمني إنه الشغل الشريف أهم من المصاري.,أبوي علّمني إنه الشغل الشريف أهم من المصاري.,Abuy 3allamni innu ish-shughol ish-sharif aham min il-masari.,Abuy 3allamni innu ish-shughol ish-sharif aham min il-masari.
Palestinian,"If you don't have a permit, you can't set foot in this area, and that makes life very difficult.",إذا ما معك تسريح، ما بتقدر تحط إجرك في المنطقة هادي، وهادا بخلي الحياة صعبة كتير.,إذا ما معك تصريح، ما بتقدر تحط إجرك بالمنطقة هاي، وهاد بخلي الحياة صعبة كتير.,"Iza ma ma'ak tasreeh, ma bti'dar thott ijrak fi il-manti'a hadi, w-hada bikhalli il-haya s'abé ktir.","Iza ma ma'ak tasreeh, ma bti'dar thott ijrak bil-manti'a hay, w-had bikhalli il-haya s'abé ktir."
Palestinian,I can make a tasty dressing for the salad using yogurt and herbs.,بقدر أعمل صلصة طيبة للسلطة باستخدام الروب والأعشاب.,بقدر أعمل تتبيلة زاكية للسلطة باللبن والأعشاب.,ba'dar a'mal salsa tayybeh lal-salata b-istikhdam ir-rob wil-a'shab.,ba'dar a'mal tatbeeleh zakyeh lal-salata bil-laban wil-a'shab.
Palestinian,"This boy doesn't stop sniffling, we need to take him to the doctor.",هادا الولد ما ببطل ينشق، لازم نوخده عالدكتور.,هادا الولد ما ببطل ينشق، لازم نوخده عالدكتور.,"haada el-walad ma bibattal yinsha', laazem nookhdo 3ad-doktoor.","haada el-walad ma bibattal yinsha', laazem nookhdo 3ad-doktoor."
Palestinian,"I will take seats in business class, right?",رح أخد كراسي بدرجة رجال الأعمال، صح؟,رح أخد كراسي بدرجة رجال الأعمال، صح؟,"rah akhod karasi b-darajet rijal el-a'mal, sah?","rah akhod karasi b-darajet rijal el-a'mal, sah?"
Palestinian,Is there a restaurant you recommend near here?,في مطعم بتنصح فيه قريب من هون؟,في مطعم بتنصح فيه قريب من هون؟,fi mat'am btinsaH fiih ariib min hoon?,fi mat'am btinsaH fiih ariib min hoon?
Palestinian,Congratulations on the new job! It will be an excellent position for you.,مبروك على الوظيفة الجديدة! رح تكون شغلة ممتازة إلك.,مبروك على الوظيفة الجديدة! رح تكون وظيفة ممتازة إلك.,Mabrouk 3ala el-wazife el-jdide! Rah tkun shaghle mumtaze elak.,Mabrouk 3ala el-wazife el-jdide! Rah tkun wazife mumtaze elak.
Palestinian,"I wish I could go back to the day I decided to leave university, I want to change my decision.",يا ريت بقدر أرجع ع يومها اللي قررت فيه أترك الجامعة، بدي أغير قراري.,يا ريت أقدر أرجع لليوم اللي قررت فيه أترك الجامعة، بدي أغير قراري.,"ya reet ba'dar arja' a yomha illi qarart feeh atruk el-jam'a, biddi aghayyer qarari.","ya reet a'dar arja' lal-yom illi qarart feeh atruk el-jam'a, biddi aghayyer qarari."
Palestinian,"As he grew older, my father began to remember more memories from his childhood.",على كبر، صار أبوي يتذكر أكتر الذكريات من طفولته.,لما كبر، صار أبوي يتذكر ذكريات أكتر من طفولته.,"ala kibar, sar abuy yitdhakkar aktar iz-zikrayat min tufulto.","lamma kibar, sar abuy yitdhakkar zikrayat aktar min tufulto."
Palestinian,Do you want to bet with me that our team will win this game?,بدك تتراهن معي إنه فريقنا رح يفوز بالمباراة هاي؟,بدك تتراهن معي إنه فريقنا رح يفوز بالمباراة هاي؟,biddak titraahan ma'i innu fareeqna rah yfooz bil-mubarah haay?,biddak titraahan ma'i innu fareeqna rah yfooz bil-mubarah haay?
Palestinian,I went to the print shop to print my wedding invitations.,رحت على المطبعة عشان أطبع كرتات الدعوة تبع عرسي.,رحت على المطبعة عشان أطبع كرتات الدعوة تبع عرسي.,Ruht 3ala el-matba3a 3ashan atba3 kartat ed-da3we taba3 3irsi.,Ruht 3ala el-matba3a 3ashan atba3 kartat ed-da3we taba3 3irsi.
Palestinian,I always have nightmares at night.,‏دايما عندي كوابيس بالليل ‎,دايماً عندي كوابيس بالليل,dayman 3indi kawabis bil-leil,dayman 3indi kawabis bil-leil
Palestinian,"I can work in this factory, but I need to learn some new skills.",بقدر أشتغل في المصنع هادا بس لازم أتعلم شوية مهارات جديدة.,بقدر أشتغل بهالمصنع، بس لازم أتعلم شوية مهارات جديدة.,ba'dar ashtaghel fi el-masna' hada bas lazim at'allam shwayyet maharat jdeede.,"ba'dar ashtaghel bhal-masna', bas lazim at'allam shwayyet maharat jdeede."
Palestinian,I heard that the new employee complained about us to the management because we didn't welcome him nicely.,سمعت إنه الموظف الجديد شكى علينا للإدارة عشان ما استقبلناه منيح.,سمعت إنه الموظف الجديد شكى علينا للإدارة عشان ما استقبلناه منيح.,sme3et enno el-mwazzaf el-jdid shaka 3alena lel-idara 3ashan ma ista2balnah mnih.,sme3et enno el-mwazzaf el-jdid shaka 3alena lel-idara 3ashan ma ista2balnah mnih.
Palestinian,"Every time I see an accident on the road, I remember how important it is to be cautious while driving.",كل ما بشوف حادث عالطريق، بتذكر قديش لازم نكون حذرين وقت السياقة.,كل ما بشوف حادث عالطريق، بتذكر قديش مهم نكون حذرين وإحنا بنسوق.,"kull ma bshuf hades 3a-t-tariq, batdhakkar addesh lazim nkun hadhreen wa2t is-syaqa.","kull ma bshuf hades 3a-t-tariq, batdhakkar addesh mhem nkun hadhreen w ihna binsu2."
Palestinian,"Yesterday, I saw three bats hanging from the tree; I was very scared, but they were beautiful.",إمبارح شفت تلتة وطوط معلقين عالشجرة، خفت كتير بس كانوا حلوين.,إمبارح شفت تلات وطاويط معلقين عالشجرة؛ خفت كتير، بس كانوا حلوين.,"Imbareh shuft talate watwat m3alla2in 3ash-shajara, khift ktir bas kanu hilwin.","Imbareh shuft talat watawit m3alla2in 3ash-shajara; khift ktir, bas kanu hilwin."
Palestinian,I see that you are hesitant in making the decision. What is the reason? Can I help you?,بشوفك متردد في اتخاذ القرار. شو السبب؟ بقدر أساعدك؟,بشوفك متردد باتخاذ القرار. شو السبب؟ بقدر أساعدك؟,bshofak mitradded fi ittikhad il-qarar. shu is-sabab? ba'dar asa'edak?,bshofak mitradded bi-ittikhad il-qarar. shu is-sabab? ba'dar asa'edak?
Palestinian,She needs to buy new tights because they tore while she was supporting her family.,بدها تشتري كولون جديد لأنه تمزع لما كانت تعيش عيلتها.,بدها تشتري كولون جديد لأنه تمزّع لما كانت بتعيّش عيلتها.,biddha tishtiri kolon jdid la'anno tmazza' lamma kanat t'ayyish 'elet-ha.,biddha tishtiri kolon jdid la'anno tmazza' lamma kanat bt'ayyish 'elet-ha.
Palestinian,"I work at a big company, and every day I go to work by bus.",أنا بشتغل في شركة كبيرة، وكل يوم بروح ع الشغل بالباص.,أنا بشتغل بشركة كبيرة، وكل يوم بروح عالشغل بالباص.,"ana bashtighel fi sharike kbire, w kill yom barouh a sh-shughl bil-bas.","ana bashtighel b-sharike kbire, w kill yom barouh a-sh-shughl bil-bas."
Palestinian,"When the wind whistles at night, it scares the children and they start crying.",لما بتصفر الريح بالليل، بتخوف الأطفال وبصيروا يبكوا.,لما بتصفر الريح بالليل، بتخوف الأطفال وبصيروا يبكوا.,"Lamma bitsaffer er-riih bil-leil, bitkhawwif el-atfaal w-bisiiru yibku.","Lamma bitsaffer er-riih bil-leil, bitkhawwif el-atfaal w-bisiiru yibku."
Palestinian,"Grandma, I want to ask you an embarrassing question.",يا حاجة بدي اسألك سؤال محرج,ستي، بدي أسألك سؤال محرج.,ya hajje biddi as'alek su'al muhrij,"sitti, biddi as'alek su'al muhrij"
Palestinian,"From my perspective, education in particular is the way to self-improvement and societal development.",من وجهة نظري، التعليم بالذات هو الطريق لتحسين الذات وتطوير المجتمع.,من وجهة نظري، التعليم بالذات هو الطريق لتحسين الذات وتطوير المجتمع.,"min wijhet nazari, it-ta'leem bidh-daat huwwa it-tareeq la-tahseen idh-daat w tatweer il-mujtama'.","min wijhet nazari, it-ta'leem bidh-daat huwwa it-tareeq la-tahseen idh-daat w tatweer il-mujtama'."
Palestinian,Why do you always come back empty-handed from work? Is there nothing new?,ليش دايما بترجع تيتي تيتي من الشغل؟ ما في شي جديد؟,ليش دايمًا بترجع تيتي تيتي من الشغل؟ ما في إشي جديد؟,leesh dayman bterja' teeti teeti min ish-shoghol? ma fi shi jdeed?,leesh dayman bterja' teeti teeti min ish-shoghol? ma fi ishi jdeed?
Palestinian,"Butterflies are very light and move their wings quickly, making me marvel at the beauty of nature.",الفراشات بتكون خفيفة كتير وبتحرك جناحاتها بسرعة، بتخليني أتأمل في جمال الطبيعة.,الفراشات خفيفة كتير وبتحرك جناحاتها بسرعة، وبتخليني أتأمل بجمال الطبيعة.,"il-farashat bitkoon khafife kteer w-bitharrik jnahatha bisur'a, bitkhallini at'ammal fi jamal it-tabi'a.","il-farashat khafife kteer w-bitharrik jnahatha bisur'a, w-bitkhallini at'ammal b-jamal it-tabi'a."
Palestinian,Do you know that the contract we signed a year ago is still valid until now? We need to see if we want to renew it.,بتعرف إنه العقد إلي وقعناه قبل سنة لسا ساري لحد الآن؟ لازم نشوف إذا بدنا نجدده.,بتعرف إنه العقد اللي وقعناه قبل سنة لسا ساري لحد هلأ؟ لازم نشوف إذا بدنا نجدده.,Bti‘raf innu il-‘aqd illi waqqa‘nah qabl saneh lissa sari la-hadd il-an? Lazim nshuf iza bidna njaddduh.,Bti‘raf innu il-‘aqd illi waqqa‘nah qabl saneh lissa sari la-hadd halla? Lazim nshuf iza bidna njaddduh.
Palestinian,"The sun makes the sky look yellow at sunset, and this view makes me feel at ease.",الشمس بتخلي السما تبدو صفرا وقت الغروب، وهادا المنظر بخليني أشعر بالراحة.,الشمس بتخلي السما تبين صفرا وقت الغروب، وهاد المنظر بخليني أحس بالراحة.,"ish-shams bitkhalli is-sama tibdu safra waqt il-ghurub, w-hada il-manzar bikhallini ash‘ur bir-raha.","ish-shams bitkhalli is-sama tibayyen safra waqt il-ghurub, w-had il-manzar bikhallini ahiss bir-raha."
Palestinian,It's not always the person who looks stronger who wins; sometimes intelligence is stronger than physical strength.,مش دايما الشخص إلي بشكل أقوى هو إلي بيغلب، أحيانا الذكاء بيكون هقوى من القوة الجسمانية.,مش دايمًا الشخص اللي ببيّن أقوى هو اللي بغلب؛ أحيانًا الذكا أقوى من القوة الجسدية.,"mish dayman ish-shakhs illi bishakel aqwa huwwa illi bighleb, ahyanan iz-zaka biykoon haqwa min il-quwwa il-jismaniye.",mish dayman ish-shakhs illi bibayyen aqwa huwwa illi bighleb; ahyanan iz-zaka aqwa min il-quwwa il-jasadiyye.
Palestinian,"I can understand why people are afraid of the word 'cancer', but we need to remember that there are many success stories.",بقدر أفهم ليش الناس بخافوا من كلمة 'سرطان'، بس لازم نتذكر إنه في كتير قصص نجاح.,"بقدر أفهم ليش الناس بخافوا من كلمة ""سرطان""، بس لازم نتذكر إنه في كتير قصص نجاح.","ba'dar afham leesh in-naas bikhafu min kilmet 'saratan', bas lazim nitdhakkar innu fi kteer qisas najah.","ba'dar afham leesh in-naas bikhafu min kilmet ""saratan"", bas lazim nitdhakkar innu fi kteer qisas najah."
Palestinian,"I can stick the pictures on the wall with special glue, but I need to be careful not to ruin the paint.",بقدر أغري الصور على الحيط بغرا خاص، بس لازم أكون حذر عشان ما أخرب الدهان.,بقدر ألزق الصور عالحيط بغرا خاص، بس لازم أنتبه عشان ما أخرب الدهان.,"ba'dar agharri es-suwar 'ala el-heit bighara khas, bas lazem akoon hazer 'ashan ma akhareb ed-dihan.","ba'dar alza' es-suwar 'al-heit bighara khas, bas lazem antabeh 'ashan ma akhareb ed-dihan."
Palestinian,"We must remain cautious when using electrical appliances, especially if there are children in the house.",لازم نضل حذرين لما بنستعمل الأدوات الكهربائية، خاصة إذا كان في أطفال في البيت.,لازم نضل ديرين بالنا لما نستعمل الأجهزة الكهربائية، خصوصاً إذا في أطفال بالبيت.,"laazim ndal hazreen lamma binista'mel el-adawaat el-kahraba'iyye, khaasse iza kaan fi atfaal fil beet.","laazim ndal dayreen baalna lamma nista'mel el-ajhze el-kahraba'iyye, khusoosan iza fi atfaal bil beet."
Palestinian,I can scare away the pigeons with a special whistle so they fly off and scatter.,بقدر أفعط الحمام بصفير خاص عشان يطيروا ويتفرقوا.,بقدر أفعط الحمام بصفير خاص عشان يطيروا ويتفرقوا.,ba'dar af'at el-hamam b-safir khas 3ashan ytiru w-yitfarra'u.,ba'dar af'at el-hamam b-safir khas 3ashan ytiru w-yitfarra'u.
Palestinian,"I know that tea needs time to brew, but I'm really thirsty and can't wait.",بعرف إنه الشاي بده وقت تا يدبغ، بس أنا عطشان كتير وما بقدر أستنى.,بعرف إنه الشاي بده وقت تا يدبغ، بس أنا عطشان كتير وما بقدر أستنى.,"Ba‘raf innu ish-shay biddo wa’t ta yidbagh, bas ana ‘atshan ktir w ma ba’dar astanna.","Ba‘raf innu ish-shay biddo wa’t ta yidbagh, bas ana ‘atshan ktir w ma ba’dar astanna."
Palestinian,"When I asked him about the project, he started talking nonsense and I couldn't understand anything from him.",لما سألته عن المشروع، بلش يخبص بالحكي وما فهمت عليه شي.,لما سألته عن المشروع، بلّش يخبّص بالحكي وما فهمت عليه إشي.,"Lamma sa'altu 3an el-mashroo3, ballash ykhabbes bil-haki w ma fhemt 3aleih shi.","Lamma sa'altu 3an el-mashroo3, ballash ykhabbes bil-haki w ma fhemt 3aleih ishi."
Palestinian,"Registration for the conference is every day except Saturday, but you should come early so you don't have to wait long.",التسجيل للمؤتمر بكون كل يوم ما عدا يوم السبت، بس لازم تيجي بكير عشان ما تستنى كتير.,التسجيل للمؤتمر بكون كل يوم ما عدا السبت، بس لازم تيجي بكير عشان ما تستنى كتير.,"it-tasjeel lil-mu'tamar bikoon kul yom ma 3ada yom is-sabt, bas laazim teeji bakeer 3ashan ma tistanna kteer.","it-tasjeel lil-mu'tamar bikoon kul yom ma 3ada is-sabt, bas laazim teeji bakeer 3ashan ma tistanna kteer."
Palestinian,"I used to be shy to talk to the girl I love, but finally I got the courage and talked to her.",كنت باستحي أحكي مع البنت إلي بحبها، بس آخر شي تشجعت وحكيت معها.,كنت باستحي أحكي مع البنت اللي بحبها، بس بالآخر تشجعت وحكيت معها.,"kunt bastahi ahki ma' el-bint elli bhibha, bas akher shi tshajja't w haket ma'aha.","kunt bastahi ahki ma' el-bint elli bhibha, bas bil-akher tshajja't w haket ma'aha."
Palestinian,"There is a flower shop across from the hospital, and this is very convenient when I want to bring flowers to someone who is sick.",في محل بيع ورود قبال المستشفى، وهادا مريح كتير لما بدي أجيب وردات لحدا مريض.,في محل ورد قبال المستشفى، وهاد مريح كتير لما بدي أجيب ورد لحدا مريض.,"Fi mahal bay' wrood qibal el-mustashfa, w-hada mreeh kteer lamma biddi ajeeb wardat la-hada mareed.","Fi mahal ward qibal el-mustashfa, w-had mreeh kteer lamma biddi ajeeb ward la-hada mareed."
Palestinian,"I was happy, I took it, I found the watch.","فرحت اخدتها, لقيت هالساعة",فرحت، أخدتها، لقيت الساعة.,"ferehet akhadtha, la'eet hal-sa'a","ferehet, akhadtha, la'eet es-sa'a"
Palestinian,We need to consult a fertility specialist if we want to understand why we can't have children.,لازم نراجع أخصائي في الخصوبة إذا بدنا نفهم ليش ما عم نقدر نخلف.,لازم نراجع أخصائي خصوبة إذا بدنا نفهم ليش مش قادرين نخلف.,Lazem nraaje3 akhsa'i fil khusoobe iza bidna nifham leesh ma 3am ni'dar nikhlef.,Lazem nraaje3 akhsa'i khusoobe iza bidna nifham leesh mish adreen nikhlef.
Palestinian,"When the boy uttered an inappropriate word, his mother got angry at him and told him not to repeat it.",لما الولد لفظ كلمة مش مناسبة، إمه عصبت عليه وقالتله ما يعيدها.,لما الولد لفظ كلمة مش مناسبة، إمه عصبت عليه وقالتله ما يعيدها.,"Lamma el-walad lafaz kilmeh mish munasbeh, immo asabet aleih w galatlo ma y'eedha.","Lamma el-walad lafaz kilmeh mish munasbeh, immo asabet aleih w galatlo ma y'eedha."
Palestinian,You know? I'm against the idea that life always has to be easy. Difficulties make us stronger.,بتعرف؟ أنا ضد فكرة إنه الحياة لازم تكون سهلة دايما، الصعوبات بتخلينا أقوى.,بتعرف؟ أنا ضد فكرة إنه الحياة لازم تكون سهلة دايمًا. الصعوبات بتخلّينا أقوى.,"bta‘raf? ana did fikret innu el-hayah lazim tkun sahleh dayman, el-su‘ubat bitkhallina aqwa.",bta‘raf? ana did fikret innu el-hayah lazim tkun sahleh dayman. el-su‘ubat bitkhallina aqwa.
Palestinian,"Muhammad is the messenger of God, and we consider him a role model in our daily lives.",محمد رسول الله، وبنعتبرو قدوة لإلنا في حياتنا اليومية.,محمد رسول الله، وبنعتبره قدوة إلنا بحياتنا اليومية.,"Mohammad rasool Allah, w-bni'tibro qudweh ilna fi hayatna el-yawmiyyeh.","Mohammad rasool Allah, w-bni'tibro qudweh ilna b-hayatna el-yawmiyyeh."
Palestinian,I heard that his health condition got worse after he left the hospital.,سمعت إنه حالته الصحية صارت أعطل بعد ما طلع من المستشفى.,سمعت إنه حالته الصحية صارت أسوأ بعد ما طلع من المستشفى.,Sme3et enno 7alto el-se7iyye sarat a3tal ba3d ma tele3 men el-mustashfa.,Sme3et enno 7alto el-se7iyye sarat aswa ba3d ma tele3 men el-mustashfa.
Palestinian,"If you want to hear the new news, come to our house after dinner.",إذا بدك تسمع الخبر الجديد، تع على بيتنا بعد العشا.,إذا بدك تسمع الأخبار الجديدة، تعال عبيتنا بعد العشا.,"Iza biddak tisma' el-khabar el-jdid, ta'a 3ala betna ba'd el-3asha.","Iza biddak tisma' el-akhbar el-jdideh, ta'al 3a-betna ba'd el-3asha."
Palestinian,I wish everyone understood that the struggle against ignorance is the foundation of progress in any society.,يا ريت كل الناس بتفهم إنه الكفاح ضد الجهل هو أساس التقدم في أي مجتمع.,يا ريت كل الناس تفهم إنه الكفاح ضد الجهل هو أساس التقدّم بأي مجتمع.,ya reet kul el-nas bitfham innu el-kifah didd el-jahil huwwa asas el-taqaddum fi ay mujtama3.,ya reet kul el-nas tifham innu el-kifah didd el-jahil huwwa asas el-taqaddum b-ay mujtama3.
Palestinian,"I can travel anywhere in the world, but I can't find another homeland to replace my original one.",بقدر أسافر لأي مكان بالعالم، بس ما بقدر ألاقي وطن تاني يحل محل وطني الأصلي.,بقدر أسافر لأي مكان بالعالم، بس ما بقدر ألاقي وطن تاني يحل محل وطني الأصلي.,"Baqdar asafer la-ay makan bil-3alam, bas ma baqdar alaqi watan tani yihill mahal watani el-asli.","Baqdar asafer la-ay makan bil-3alam, bas ma baqdar alaqi watan tani yihill mahal watani el-asli."
Palestinian,The university wants to update its information system to make it easier for students.,الجامعة بدها تحدث نظام المعلومات تبعها عشان يصير أسهل للطلاب.,الجامعة بدها تحدّث نظام المعلومات تبعها عشان يصير أسهل للطلاب.,il-jam3a biddha thaddeth nizam il-ma3lumat taba3ha 3ashan yseer ashal la-tullab.,il-jam3a biddha thaddeth nizam il-ma3lumat taba3ha 3ashan yseer ashal la-tullab.
Palestinian,"My friend can't handle the pressure, he wants to resign from his job.",صاحبي مش قد الضغط، بده يستقيل من شغله.,صاحبي مش قد الضغط، بده يستقيل من شغله.,"Sa7bi mish add el-daghet, biddo yistaqil min shoghlo.","Sa7bi mish add el-daghet, biddo yistaqil min shoghlo."
Palestinian,"I asked the pharmacist about the best cream for dry skin, and he recommended a new product that isn't expensive.",سألت الصيدلي عن أحسن كريم للبشرة الجافة، وهو اقترح علي منتج جديد مش غالي.,سألت الصيدلاني عن أحسن كريم للبشرة الناشفة، ونصحني بمنتج جديد مش غالي.,"sa'alt el-saydali 3an a7san krem lal-bashara el-jafeh, w huwe iqtara7 3alay muntaj jdid mish ghali.","sa'alt el-saydalani 3an a7san krem lal-bashara el-nashfeh, w nasa7ni b-muntaj jdid mish ghali."
Palestinian,"When you see someone raise an eyebrow, it means they are surprised or don't believe it.",لما بتشوف واحد برفع حاجبه، هادا بيعني إنه مستغرب ولا مش مصدق.,لما بتشوف حدا رافع حاجبه، يعني هو مستغرب أو مش مصدّق.,"lamma btshouf wahed birfa3 hajbo, hada bi3ni enno mistaghrab wala mish msadde2.","lamma btshouf hada rafe3 hajbo, ya3ni howwe mistaghrab aw mish msadde2."
Palestinian,"I don't understand how you work without thinking like that, you need to concentrate a bit so you don't make mistakes.",أنا مش فاهم كيف بتشتغل بلا عقل هيك، لازم تركز شوي عشان ما توقع بأخطاء.,أنا مش فاهم كيف بتشتغل من غير ما تفكر هيك، لازم تركز شوي عشان ما تغلط.,"Ana mish fahem keef bteshtaghel bala 3aql heek, lazem terkaz shway 3ashan ma twaqa3 b akhta2.","Ana mish fahem keef bteshtaghel min gher ma tfakker heek, lazem terkaz shway 3ashan ma teghlat."
Palestinian,There was an open and honest discussion.,صار في نقاش صريح ‎,صار في نقاش مفتوح وصريح.,sar fi niqash sareeh,sar fi niqash maftooh w sareeh
Palestinian,"When the temperature is high, we have to set the air conditioner to a low level.",لما بتكون الحرارة عالية، بنضطر نحط المكيف على درجة منخفضة.,لما بتكون الحرارة عالية، بنضطر نحط المكيف على درجة منخفضة.,"Lamma bitkun il-harara 3alya, binDtar nhoT il-mukayyef 3ala daraje munkhafDa.","Lamma bitkun il-harara 3alya, binDtar nhoT il-mukayyef 3ala daraje munkhafDa."
Palestinian,"If I had the ability to go back in time, I would change a lot of decisions.",لون عندي القدرة إني أرجع بالزمن، كنت بغير كتير قرارات.,لو عندي القدرة أرجع بالزمن، كنت بغيّر كتير قرارات.,"Lawen 3indi el-2udra inni arja3 biz-zaman, kunt bghayyer ktir qararat.","Law 3indi el-2udra arja3 biz-zaman, kunt bghayyer ktir qararat."
Palestinian,"When I saw the rope hanging from the tree, the idea came to me to make a swing for the children.",لما شفت الحبل معلق من الشجرة، إجتني فكرة إنه نعمل أرجوحة للأولاد.,لما شفت الحبل معلّق من الشجرة، إجتني فكرة أعمل مرجيحة للولاد.,"lamma shuft el-habl m'allaq min ish-shajara, ijatni fikret innu na'mal arjuha lal-awlad.","lamma shuft el-habl m'allaq min ish-shajara, ijatni fikra a'mal marjiha lal-wlad."
Palestinian,Donkeys are very common in villages; they use them for transportation and work in agricultural fields.,الحمير بتلاقيها كتير في القرى، بستعملوها للنقل والشغل في الأراضي الزراعية.,الحمير منتشرة كتير بالقرى؛ بستعملوها للنقل والشغل بالحقول الزراعية.,"il-hamiir bitlaqiha ktiir fil-qura, bist3amluha lil-naql w ish-shughl fil-aradi iz-zira3iyye.",il-hamiir muntashra ktiir bil-qura; bist3amluha lin-naql w ish-shughl bil-huqul iz-zira3iyye.
Palestinian,"Yesterday in the lecture, the professor was angry because he saw a student asleep in class.",إمبارح بالمحاضرة، الأستاذ كان معصب لأنه شاف طالب غافي بالصف.,إمبارح بالمحاضرة، الأستاذ كان معصّب لأنه شاف طالب غافي بالصف.,"Imbareh bil-muhadara, el-ustaz kan m'assab la'anno shaf taleb ghafi bis-saff.","Imbareh bil-muhadara, el-ustaz kan m'assab la'anno shaf taleb ghafi bis-saff."
Palestinian,"The kids like to play in the caves, but we need to warn them of the danger.",الأولاد بحبو يلعبو في المغر، بس لازم نحذرهم من الخطر.,الأولاد بحبّوا يلعبوا في المغر، بس لازم نحذّرهم من الخطر.,"el-oolad bi7ibbo yil3abo fi el-mughar, bas laazem n7azzerhom min el-khatar.","el-oolad bi7ibbo yil3abo fi el-mughar, bas laazem n7azzerhom min el-khatar."
Palestinian,My mom's nickname is 'the compassionate lady' because she always takes care of us and helps us with everything.,لبق أمي 'الست الحنونة' لأنها دايما بتهتم فينا وبتساعدنا بكل إشي.,"لقب أمي ""الست الحنونة"" لأنها دايمًا بتهتم فينا وبتساعدنا بكل إشي.",Laqab immi 'is-sitt il-hanune' la'innha dayman bithtamm fina wbitsa'idna bkul ishi.,"Laqab immi ""is-sitt il-hanune"" la'innha dayman bithtamm fina wbitsa'idna bkul ishi."
Palestinian,"I want to liberate every inch of our occupied land, no matter the sacrifices.",بدي أحرر كل شبر من أرضنا المحتلة، مهما كانت التضحيات.,بدي أحرر كل شبر من أرضنا المحتلة، مهما كانت التضحيات.,"Biddi a7arrer kul shibr min ardna el-mu7talle, mahma kanat et-taD7iyat.","Biddi a7arrer kul shibr min ardna el-mu7talle, mahma kanat et-taD7iyat."
Palestinian,The diligent student studies every day to succeed in exams.,الطالبة الشاطرة بتدرس كل يوم لحتى تنجح في الامتحانات.,الطالب المجتهد بدرس كل يوم عشان ينجح بالامتحانات.,it-talbeh ish-shatra bitidros kul yom la-hatta tinjah fi l-imtihanat.,it-taleb il-mujtahed bidros kul yom ashan yinjah bil-imtihanat.
Palestinian,"In our school, every week we choose a new proverb and discuss it with the students to teach them about culture and popular wisdom.",في مدرستنا، كل أسبوع بنختار متل جديد وبنناقشه مع الطلاب لنعلمهم عن الثقافة والحكمة الشعبية.,في مدرستنا، كل أسبوع بنختار مَثَل جديد وبنناقشه مع الطلاب عشان نعلّمهم عن الثقافة والحكمة الشعبية.,"Fi madrasetna, kul usbuu' binkhtar matal jdiid w bninagesho ma' it-tullab lin'allimhom 'an ith-thaqafe wel-hikme ish-sha'biye.","Fi madrasetna, kul usbuu' binkhtar matal jdiid w bninagesho ma' it-tullab 'ashan n'allimhom 'an ith-thaqafe wel-hikme ish-sha'biye."
Palestinian,We read the story of Jesus' ascension in the church during Ascension Day and reflect on its meaning.,بنقرا قصة صعود يسوع في الكنيسة خلال عيد الصعود، وبنتأمل في معناها.,بنقرا قصة صعود يسوع في الكنيسة خلال عيد الصعود، وبنتأمل في معناها.,"binqra qisset su'ud Yasu' fi il-kneese khilal Eid is-su'ud, w-bint'ammal fi ma'naha.","binqra qisset su'ud Yasu' fi il-kneese khilal Eid is-su'ud, w-bint'ammal fi ma'naha."
Palestinian,"They say that the weaver can create complex designs, but I think that modern machines do a better and faster job.",بقولوا إنه الحايك بقدر يعمل تصاميم معقدة، بس أنا بشوف إنه الآلات الحديثة بتعمل شغل أحسن وأسرع.,بقولوا إنه الحايك بقدر يعمل تصاميم معقدة، بس أنا بشوف إنه الماكينات الحديثة بتعمل الشغل أحسن وأسرع.,"Bi'oolu inno el-hayek bi'dar yi'mal tasamim m'aqqadeh, bas ana bashoof inno el-alat el-hadiseh bti'mal shoghol ahsan w asra'.","Bi'oolu inno el-hayek bi'dar yi'mal tasamim m'aqqadeh, bas ana bashoof inno el-makinat el-hadiseh bti'mal esh-shoghol ahsan w asra'."
Palestinian,"When you see the achievements of your country, you can feel real pride and strong belonging.",لما بتشوف إنجازات بلدك، بتقدر تشعر بافتخار حقيقي وإنتماء قوي.,لما بتشوف إنجازات بلدك، بتحس بفخر حقيقي وانتماء قوي.,"Lamma btshouf injazat baladak, bti'dar tish'ar biftikhar ha'ee'i w intima' qawi.","Lamma btshouf injazat baladak, btiHiss bifakher ha'ee'i w intima' qawi."
Palestinian,"According to people's belief, this winter will be stronger than last year.",حسب اعتقاد الناس، الشتا هالسنة رح يكون أقوى من السنة الماضية.,حسب اعتقاد الناس، الشتا هالسنة رح يكون أقوى من السنة الماضية.,"hasab i'tiqad en-nas, esh-shita hal-sane raH ykun aqwa min es-sane el-madiye.","hasab i'tiqad en-nas, esh-shita hal-sane raH ykun aqwa min es-sane el-madiye."
Palestinian,"Children love to hide in closets, but we need to explain to them that it is dangerous.",الأطفال بحبوا يستخبوا في الخزاين، بس لازم نوعيهم إنه هادا خطير.,الأطفال بحبّوا يستخبّوا بالخزاين، بس لازم نشرحلهم إنه هادا خطر.,"el-atfal bhibbu yistakhabbu fi el-khazayen, bas lazim nwa'ihom inno hada khatir.","el-atfal bhibbu yistakhabbu bil-khazayen, bas lazim nishrahlhom inno hada khatar."
Palestinian,You can see that children find it easy to handle new technology.,بتقدر تشوف إنه الأطفال هوينين في التعامل مع التكنولوجيا الجديدة.,بتقدر تشوف إنو الأطفال بسهل عليهم يتعاملوا مع التكنولوجيا الجديدة.,btqdar tshoof inno el-atfal hwaynen fi et-ta'amul ma' et-teknolojya el-jdeede.,btqdar tshoof inno el-atfal bisehl 3aleihom yit3amalo ma3 et-teknolojya el-jdeede.
Palestinian,I saw a big white sheep in my grandfather's barn yesterday.,شفت نعجة بيضا كبيرة في حظيرة جدي إمبارح.,شفت نعجة بيضا كبيرة بحظيرة جدي إمبارح.,shuft na'je beda kbeere fi hazeeret jeddi imbareh.,shuft na'je beda kbeere b-hazeeret jeddi imbareh.
Palestinian,"They say that the students have to wear uniforms, but I don’t like it.",بقولوا إنه الطلاب لازم يلبسوا اللباس الموحد بس أنا ما بحبه.,بقولوا إنه الطلاب لازم يلبسوا زي موحد، بس أنا ما بحبه.,bi'ulu innu it-tullab lazim yilbasu il-libas il-mowahhad bas ana ma bahebbo.,"bi'ulu innu it-tullab lazim yilbasu zay mowahhad, bas ana ma bahebbo."
Palestinian,"When you order something from the internet, you need to pay attention to the size of the package so you don't pay extra for shipping.",لما بتطلب إشي من الإنترنت، لازم تنتبه على حجم الطرد عشان ما تدفع زيادة عالشحن.,لما بتطلب إشي من الإنترنت، لازم تنتبه لحجم الطرد عشان ما تدفع زيادة على الشحن.,"lamma bitlob ishi min el-internet, laazim tintibeh 3ala hajm el-tard 3ashan ma tidfa3 ziyaade 3al-shahn.","lamma bitlob ishi min el-internet, laazim tintibeh la-hajm el-tard 3ashan ma tidfa3 ziyaade 3ala el-shahn."
Palestinian,"I have a big mole on my back, and I love it a lot because it's unique.",عندي شامة كبيرة على ضهري، وبحبها كتير لأنها مميزة.,عندي شامة كبيرة على ضهري، وبحبها كتير لأنها مميزة.,"3indi shaameh kbiireh 3ala dahri, w ba7ibha ktiir la2anha mumayyazeh.","3indi shaameh kbiireh 3ala dahri, w ba7ibha ktiir la2anha mumayyazeh."
Palestinian,Did you see that man? He was carrying a big box and walking down the street as if there was nothing.,شفت هداك الزلمة؟ كان حامل سحارة كبيرة وماشي في الشارع كأنه ما في إشي.,شفت هداك الزلمة؟ كان حامل صندوق كبير وماشي بالشارع كأنه ما في إشي.,Shuft hadak iz-zalameh? Kan hamil sahhara kbireh w mashi fi ish-shari' ka'anno ma fi ishi.,Shuft hadak iz-zalameh? Kan hamil sanduq kbir w mashi bish-shari' ka'anno ma fi ishi.
Palestinian,"Man, don't scratch the wound like that, it will get worse and you'll end up with a scar.",يا زلمة، ما تحكش الجرح هيك، راح يصير أسوأ وبتصير عندك ندبة.,يا زلمة، ما تحكّش الجرح هيك، رح يصير أسوأ وبتصير عندك ندبة.,"ya zalame, ma ti7ikish il-jar7 heek, ra7 yseer aswa w-bitsir 3indak nadbe.","ya zalame, ma ti7ikkish il-jar7 heek, ra7 yseer aswa w-bitsir 3indak nadbe."
Palestinian,I want to buy new sheep shears because the old ones don't cut well anymore.,بدي أشتري مجز جديد لإنه القديم صار ما بيقطع منيح.,بدي أشتري مجز غنم جديد عشان القديم بطل يقطع منيح.,biddi ashtari mijazz jdid la'innu il-adeem sar ma bi'atta' mnih.,biddi ashtari mijazz ghanam jdid 'ashan il-adeem battal yi'atta' mnih.
Palestinian,Did you see how the boy dropped to the ground when he heard the sound of the plane?,شفت الولد كيف زخ على الأرض لـما سمع صوت الطيارة؟,شفت كيف الولد وقع عالأرض لما سمع صوت الطيارة؟,shuft el-walad keef zakh ʿala el-arḍ lamma semeʿ ṣot el-ṭayyara?,shuft keef el-walad waqaʿ ʿal-arḍ lamma semeʿ ṣot el-ṭayyara?
Palestinian,"Every day my mom wakes me up at six, even though I want to sleep a little longer.",كل يوم بتصحيني أمي الساعة ستة، مع إنه بكون بدي أنام شوية كمان.,كل يوم أمي بتصحيني عالساعة ستة، مع إني بدي أنام شوي كمان.,"kul yom bitsaheeni immi issa'a sitte, ma' innu bakoon biddi anam shwayye kaman.","kul yom immi bitsaheeni 'as-sa'a sitte, ma' inni biddi anam shway kaman."
Palestinian,"Every time I hear about an honor killing, I feel very sad and wish there were another way to solve problems.",كل ما بسمع عن حادثة قتل على شرف العيلة، بحزن كتير وبتمنى لو في طريقة تانية لحل المشاكل.,كل ما بسمع عن جريمة قتل على شرف العيلة، بحزن كتير وبتمنى يكون في طريقة تانية لحل المشاكل.,"kul ma basma3 3an hadset atel 3ala sharaf il-3ile, bahzan kteer w batmanna law fi taree'a tanye la-hall il-mashakel.","kul ma basma3 3an jareemet atel 3ala sharaf il-3ile, bahzan kteer w batmanna ykoon fi taree'a tanye la-hall il-mashakel."
Palestinian,I need to study a lot in order to succeed in the exam.,بدي أدرس كتير منشان أنجح في الامتحان,بدي أدرس كتير عشان أنجح بالامتحان,biddi adros ktir minshan anjaH fi l-imtiHan,biddi adros ktir 3ashan anjaH bil-imtiHan
Palestinian,"Oh God, what happened? I heard a loud explosion outside!",يا ساتر، شو صار؟ سمعت صوت انفجار قوي برا!,يا ساتر، شو صار؟ سمعت صوت انفجار قوي برا!,"ya sater, shu sar? sme'et sot infijar qawi barra!","ya sater, shu sar? sme'et sot infijar qawi barra!"
Palestinian,"Do what you want, but remember that you have to bear the consequences of your decisions.",إعمل على خاطرك، بس تذكر إنه لازم تتحمل نتايج قراراتك.,اعمل اللي بدك إياه، بس تذكر إنك لازم تتحمل عواقب قراراتك.,"I‘mal 3ala khatrak, bas tdhakkar innu laazim titHammal nataayij qararaatak.","I‘mal illi biddak iyyaah, bas tdhakkar innak laazim titHammal 3awaqib qararaatak."
Palestinian,"They say the similarity between a husband and wife increases over time, and this is what I see with my grandparents.",بقولوا إنه التشابه  بين الزوج والزوجة بزيد مع الوقت، وهادا إلي بشوفه عند ستي وسيدي.,بقولوا إنه التشابه بين الزوج والزوجة بزيد مع الوقت، وهادا اللي بشوفه عند ستي وسيدي.,"bi'ulu innu it-tashaboh ben iz-zawj w iz-zawje bizid ma' il-waqt, w hada illi bshufu 'ind sitti w sidi.","bi'ulu innu it-tashaboh ben iz-zawj w iz-zawje bizid ma' il-waqt, w hada illi bshufu 'ind sitti w sidi."
Palestinian,"They set the dogs on me when I entered the house, it was very scary but then it turned out they were friendly.",وزوا الكلاب علي لما دخلت الدار، كانت مخيفة كتير بس بعدين طلعوا ودودين.,وزّوا الكلاب عليّ لما دخلت الدار، كان الإشي بخوّف كتير بس بعدين طلعوا ودودين.,"Wazzo el-kilab 3alay lamma dakhalt ed-dar, kanat mkhife ktir bas ba3den til3u wadudin.","Wazzo el-kilab 3alayy lamma dakhalt ed-dar, kan el-ishi bikhawwif ktir bas ba3den til3u wadudin."
Palestinian,"No, nothing.. Come on, let's go to school, we're very late.","لا, ما في شي.. يلا نروح على المدرسة, تأخّرنا كتير",لا، ما في شي.. يلا نروح على المدرسة، تأخرنا كتير.,"la, ma fi shi.. yalla nrooh 3ala el-madrase, ta'akhkharna kteer","la, ma fi shi.. yalla nrooh 3ala el-madrase, ta'akhkharna kteer"
Palestinian,"The kids love to play tag in the yard, they run and laugh all the time.",الأولاد بيحبوا يلعبوا زقيطة في الساحة، بيركضوا وبيضحكوا طول الوقت.,الأولاد بيحبّوا يلعبوا زقيطة بالحوش، بيركضوا وبيضحكوا طول الوقت.,"il-wlad bihebbu yil'abu zgeeta fi is-saha, birkadu w-bidhaku tool il-waqt.","il-wlad bihebbu yil'abu zgeeta bil-hosh, birkadu w-bidhaku tool il-waqt."
Palestinian,"If you keep being this grumpy, you'll ruin your life and the lives of those around you.",إذا ظليت نكد هيك، رح تنكد حياتك وحياة اللي حواليك.,إذا ضليت نكدي هيك، رح تخرب حياتك وحياة اللي حواليك.,"Iza dalleit nakad heik, rah tnakked hayatak w hayat illi hawaleik.","Iza dalleit nakadi heik, rah tkharreb hayatak w hayat illi hawaleik."
Palestinian,They say that the new law that was going to cancel the subsidy on gasoline was canceled after public protests.,بقولوا إنه القانون الجديد اللي كان رح يلغي الدعم على البنزين التغى بعد احتجاجات الشعب.,بقولوا إنه القانون الجديد اللي كان رح يلغي الدعم على البنزين انلغى بعد احتجاجات شعبية.,Bi'ulu innu il-qanun il-jdid illi kan raH yilghi id-da‘m ‘ala il-benzin iltagha ba‘d iHtijajat ish-sha‘b.,Bi'ulu innu il-qanun il-jdid illi kan raH yilghi id-da‘m ‘ala il-benzin inlagha ba‘d iHtijajat sha‘biye.
Palestinian,"I think the company is creating a cold atmosphere among the employees, there is no cooperation or communication between them.",أظن إنه الشركة عاملة جو بارد بين الموظفين، ما في تعاون ولا تواصل بيناتهم.,أظن إنه الشركة عاملة جو بارد بين الموظفين، ما في تعاون ولا تواصل بينهم.,"Azon inno ish-shirke 3amleh jaw bared bein il-mwazzafin, ma fi ta3awon wala tawasol beinathom.","Azon inno ish-shirke 3amleh jaw bared bein il-mwazzafin, ma fi ta3awon wala tawasol beinom."
Palestinian,"Rebuilding trust after betrayal is not easy, it requires patience, time, and effort from both sides.",إعادة بناء الثقة بعد الخيانة مش سهلة، بدها صبر ووقت وجهود من الطرفين.,إعادة بناء الثقة بعد الخيانة مش سهلة، بدها صبر ووقت وجهد من الطرفين.,"I'adet bina' el-thiqa ba'd el-khiyane mish sahle, biddha sabr w wa'et w jhud min el-tarafein.","I'adet bina' el-thiqa ba'd el-khiyane mish sahle, biddha sabr w wa'et w juhd min el-tarafein."
Palestinian,"Exams are tiring for the mind and body, but we must endure them patiently.",الإمتحانات متعبة للعقل والجسم، بس لازم نصبر عليها.,الإمتحانات متعبة للعقل والجسم، بس لازم نصبر عليها بصبر.,"il-imti7anat mit3beh lil-3a2el wal-jisem, bas lazim nisbor 3aleha.","il-imti7anat mit3beh lil-3a2el wal-jisem, bas lazim nisbor 3aleha b-sabr."
Palestinian,"I think grape picking requires experience and skill. It's not just picking and done, you need to know when the grapes are ripe and ready.",أظن إنه قطف العنب بحتاج خبرة ومهارة. مش بس بتقطف وخلص، لازم تعرف إمتى العنب ناضج وجاهز.,بفكر إن قطف العنب بده خبرة ومهارة. مش بس بتقطف وخلص، لازم تعرف إمتى العنب استوى وصار جاهز.,"Azon inno qataf el enab bihtaj khibra w mhara. Mish bas bitqotof w khalas, lazim taaref imta el enab nadej w jahez.","Bfakker in qataf el enab biddo khibra w mhara. Mish bas bitqotof w khalas, lazim taaref imta el enab istawa w sar jahez."
Palestinian,"I wish you would explain to me how this new machine works, I don't know what to do with it.",يا ريت تفهمني كيف بتشتغل هالآلة الجديدة، مش عارف شو أعمل فيها.,يا ريت تفهمني كيف بتشتغل هالآلة الجديدة، مش عارف شو أعمل فيها.,"ya reet tfahhemni keef bteshtaghal hal-aale el-jdeede, mesh aaref shu aamel feeha.","ya reet tfahhemni keef bteshtaghal hal-aale el-jdeede, mesh aaref shu aamel feeha."
Palestinian,My voice is hoarse from yelling too much in the game yesterday.,صوتي مبحوح من كتر الصياح في المباراة إمبارح,صوتي مبحوح من كتر الصراخ بالمباراة إمبارح.,sawti mabhooh min koter el-siyah fi el-mubara imbareh,sawti mabhooh min koter el-srakh bil-mubara imbareh
